<?xml version="1.0" encoding="UTF-8" standalone="yes"?>
<addons>
    <addon id="plugin.video.nawafstream" name="NawafStream" version="1.0.0" provider-name="Abu Nawaf">
        <requires>
            <import addon="xbmc.python" version="2.26.0"/>
        </requires>
        <extension point="xbmc.python.pluginsource" library="default.py" />
        <extension point="xbmc.addon.metadata">
            <summary lang="en">NawafStream - Simple Kodi Addon</summary>
            <description lang="en">Lightweight addon for movies and TV shows using Real-Debrid and torrent providers.</description>
            <platform>all</platform>
        </extension>
    </addon>
</addons>
